{"cameraMode":{"drawMode":0,"name":"Shaded","section":"Shading Mode"},"sceneLighting":false,"audioPlay":false,"sceneViewState":{"showFog":true,"showMaterialUpdate":true,"showSkybox":true,"showFlares":true,"showImageEffects":true,"showParticleSystems":true},"in2DMode":false,"pivot":{"x":4.798625469207764,"y":-13.08211898803711,"z":29.756044387817384},"rotation":{"x":0.20846985280513764,"y":0.16198673844337464,"z":-0.03503439575433731,"w":0.9638855457305908},"size":36.59270477294922,"orthographic":false}