{"cameraMode":{"drawMode":0,"name":"Shaded","section":"Shading Mode"},"sceneLighting":false,"audioPlay":false,"sceneViewState":{"showFog":true,"showMaterialUpdate":true,"showSkybox":true,"showFlares":true,"showImageEffects":true,"showParticleSystems":true},"in2DMode":false,"pivot":{"x":-3.6774649620056154,"y":3.4677734375,"z":-3.226522445678711},"rotation":{"x":0.02652174048125744,"y":0.9396104216575623,"z":0.07485681027173996,"w":-0.33290356397628786},"size":25.70895767211914,"orthographic":true}