{"cameraMode":{"drawMode":0,"name":"Shaded","section":"Shading Mode"},"sceneLighting":true,"audioPlay":false,"sceneViewState":{"showFog":true,"showMaterialUpdate":true,"showSkybox":true,"showFlares":true,"showImageEffects":true,"showParticleSystems":true},"in2DMode":false,"pivot":{"x":-803.4378662109375,"y":-1.6191606521606446,"z":-8.135309219360352},"rotation":{"x":-0.007435266859829426,"y":0.9683567881584168,"z":-0.2477780133485794,"w":-0.02906089462339878},"size":11.90466022491455,"orthographic":false}