{"cameraMode":{"drawMode":0,"name":"Shaded","section":"Shading Mode"},"sceneLighting":false,"audioPlay":false,"sceneViewState":{"showFog":true,"showMaterialUpdate":true,"showSkybox":true,"showFlares":true,"showImageEffects":true,"showParticleSystems":true},"in2DMode":false,"pivot":{"x":-4.5,"y":1.024999976158142,"z":0.0104999840259552},"rotation":{"x":0.1962975263595581,"y":-0.3466157615184784,"z":0.07441706955432892,"w":0.9142283201217651},"size":1.2186148166656495,"orthographic":false}