{"cameraMode":{"drawMode":0,"name":"Shaded","section":"Shading Mode"},"sceneLighting":false,"audioPlay":false,"sceneViewState":{"showFog":true,"showMaterialUpdate":true,"showSkybox":true,"showFlares":true,"showImageEffects":true,"showParticleSystems":true},"in2DMode":false,"pivot":{"x":-4.156698703765869,"y":5.579095363616943,"z":7.109375},"rotation":{"x":-0.014942081645131112,"y":0.9595181941986084,"z":-0.05186440795660019,"w":-0.2764330506324768},"size":39.87371826171875,"orthographic":false}