{"cameraMode":{"drawMode":0,"name":"Shaded","section":"Shading Mode"},"sceneLighting":false,"audioPlay":false,"sceneViewState":{"showFog":true,"showMaterialUpdate":true,"showSkybox":true,"showFlares":true,"showImageEffects":true,"showParticleSystems":true},"in2DMode":false,"pivot":{"x":1.7669954299926758,"y":-0.5046557784080505,"z":10.032949447631836},"rotation":{"x":-0.021449772641062738,"y":0.9785553812980652,"z":-0.1448933333158493,"w":-0.1448928564786911},"size":3.265320301055908,"orthographic":false}