{"cameraMode":{"drawMode":0,"name":"Shaded","section":"Shading Mode"},"sceneLighting":true,"audioPlay":false,"sceneViewState":{"showFog":true,"showMaterialUpdate":true,"showSkybox":true,"showFlares":true,"showImageEffects":true,"showParticleSystems":true},"in2DMode":false,"pivot":{"x":5.832576274871826,"y":11.9207181930542,"z":23.252971649169923},"rotation":{"x":0.0018227251712232829,"y":0.9526268243789673,"z":0.005716327112168074,"w":-0.3041028380393982},"size":12.154217720031739,"orthographic":false}