{"cameraMode":{"drawMode":0,"name":"Shaded","section":"Shading Mode"},"sceneLighting":false,"audioPlay":false,"sceneViewState":{"showFog":true,"showMaterialUpdate":true,"showSkybox":true,"showFlares":true,"showImageEffects":true,"showParticleSystems":true},"in2DMode":false,"pivot":{"x":-5.781852722167969,"y":11.19287109375,"z":27.80859375},"rotation":{"x":-0.000014841108168184292,"y":-0.9998270273208618,"z":0.01949857920408249,"w":-0.0009174331207759678},"size":26.806209564208986,"orthographic":true}