{"cameraMode":{"drawMode":0,"name":"Shaded","section":"Shading Mode"},"sceneLighting":false,"audioPlay":false,"sceneViewState":{"showFog":true,"showMaterialUpdate":true,"showSkybox":true,"showFlares":true,"showImageEffects":true,"showParticleSystems":true},"in2DMode":false,"pivot":{"x":-5.775257110595703,"y":1.4338932037353516,"z":-1.4509468078613282},"rotation":{"x":0.13891910016536714,"y":0.3403281569480896,"z":-0.050913549959659579,"w":0.9285947680473328},"size":8.609444618225098,"orthographic":false}