{"cameraMode":{"drawMode":0,"name":"Shaded","section":"Shading Mode"},"sceneLighting":false,"audioPlay":false,"sceneViewState":{"showFog":true,"showMaterialUpdate":true,"showSkybox":true,"showFlares":true,"showImageEffects":true,"showParticleSystems":true},"in2DMode":false,"pivot":{"x":2.983583927154541,"y":1.4991639852523804,"z":-0.09810769557952881},"rotation":{"x":0.0823531374335289,"y":0.8089180588722229,"z":-0.11679606884717941,"w":0.5703312158584595},"size":2.1434128284454347,"orthographic":false}