{"cameraMode":{"drawMode":0,"name":"Shaded","section":"Shading Mode"},"sceneLighting":false,"audioPlay":false,"sceneViewState":{"showFog":true,"showMaterialUpdate":true,"showSkybox":true,"showFlares":true,"showImageEffects":true,"showParticleSystems":true},"in2DMode":false,"pivot":{"x":-7.430419921875,"y":-1.087646484375,"z":-0.6640625},"rotation":{"x":0.00028943334473297,"y":0.9996458292007446,"z":-0.011996176093816758,"w":0.023995645344257356},"size":24.666196823120118,"orthographic":true}