{"cameraMode":{"drawMode":0,"name":"Shaded","section":"Shading Mode"},"sceneLighting":false,"audioPlay":false,"sceneViewState":{"showFog":true,"showMaterialUpdate":true,"showSkybox":true,"showFlares":true,"showImageEffects":true,"showParticleSystems":true},"in2DMode":false,"pivot":{"x":-6.398800849914551,"y":-0.9723619222640991,"z":6.5123291015625},"rotation":{"x":-0.002312230644747615,"y":-0.9967299103736877,"z":0.07489471882581711,"w":-0.0308267492800951},"size":17.085458755493165,"orthographic":false}