{"cameraMode":{"drawMode":0,"name":"Shaded","section":"Shading Mode"},"sceneLighting":true,"audioPlay":false,"sceneViewState":{"showFog":true,"showMaterialUpdate":true,"showSkybox":true,"showFlares":true,"showImageEffects":true,"showParticleSystems":true},"in2DMode":false,"pivot":{"x":-121.07427978515625,"y":8.07740592956543,"z":24.376296997070314},"rotation":{"x":-0.007089417427778244,"y":0.9928197860717773,"z":-0.09109757095575333,"w":-0.07728255540132523},"size":12.795852661132813,"orthographic":false}