{"cameraMode":{"drawMode":0,"name":"Shaded","section":"Shading Mode"},"sceneLighting":false,"audioPlay":false,"sceneViewState":{"showFog":true,"showMaterialUpdate":true,"showSkybox":true,"showFlares":true,"showImageEffects":true,"showParticleSystems":true},"in2DMode":false,"pivot":{"x":-23.4536075592041,"y":-2.046823024749756,"z":-42.96669006347656},"rotation":{"x":-0.008203309029340744,"y":0.9784637689590454,"z":-0.03964949771761894,"w":-0.20242200791835786},"size":49.52756118774414,"orthographic":false}