{"cameraMode":{"drawMode":0,"name":"Shaded","section":"Shading Mode"},"sceneLighting":true,"audioPlay":false,"sceneViewState":{"showFog":true,"showMaterialUpdate":true,"showSkybox":true,"showFlares":true,"showImageEffects":true,"showParticleSystems":true},"in2DMode":false,"pivot":{"x":-55.503910064697269,"y":6.0403265953063969,"z":61.91401672363281},"rotation":{"x":0.005125979892909527,"y":-0.9848833084106445,"z":0.02955418825149536,"w":0.17066721618175507},"size":9.566408157348633,"orthographic":false}