{"cameraMode":{"drawMode":0,"name":"Shaded","section":"Shading Mode"},"sceneLighting":false,"audioPlay":false,"sceneViewState":{"showFog":true,"showMaterialUpdate":true,"showSkybox":true,"showFlares":true,"showImageEffects":true,"showParticleSystems":true},"in2DMode":false,"pivot":{"x":1.4956653118133546,"y":5.930436611175537,"z":11.446121215820313},"rotation":{"x":0.015878094360232354,"y":-0.9697133898735046,"z":0.06555388122797013,"w":0.23482155799865724},"size":24.02454948425293,"orthographic":false}