{"cameraMode":{"drawMode":0,"name":"Shaded","section":"Shading Mode"},"sceneLighting":false,"audioPlay":false,"sceneViewState":{"showFog":true,"showMaterialUpdate":true,"showSkybox":true,"showFlares":true,"showImageEffects":true,"showParticleSystems":true},"in2DMode":false,"pivot":{"x":-4.2769927978515629,"y":4.227752685546875,"z":4.453125},"rotation":{"x":0.00007385287608485669,"y":-0.9999998807907105,"z":0.0002170778752770275,"w":0.000478891161037609},"size":25.627199172973634,"orthographic":true}