{"cameraMode":{"drawMode":0,"name":"Shaded","section":"Shading Mode"},"sceneLighting":false,"audioPlay":false,"sceneViewState":{"showFog":true,"showMaterialUpdate":true,"showSkybox":true,"showFlares":true,"showImageEffects":true,"showParticleSystems":true},"in2DMode":false,"pivot":{"x":-12.856362342834473,"y":-14.52753734588623,"z":7.1098856925964359},"rotation":{"x":0.11725349724292755,"y":-0.8773130178451538,"z":0.27282512187957766,"w":0.37703466415405276},"size":65.50313568115235,"orthographic":false}