{"cameraMode":{"drawMode":0,"name":"Shaded","section":"Shading Mode"},"sceneLighting":false,"audioPlay":false,"sceneViewState":{"showFog":true,"showMaterialUpdate":true,"showSkybox":true,"showFlares":true,"showImageEffects":true,"showParticleSystems":true},"in2DMode":false,"pivot":{"x":-7.116001605987549,"y":4.795766353607178,"z":0.12375298142433167},"rotation":{"x":-0.0025561468210071327,"y":0.9897050857543945,"z":-0.017816543579101564,"w":-0.14199520647525788},"size":27.518341064453126,"orthographic":false}