{"cameraMode":{"drawMode":0,"name":"Shaded","section":"Shading Mode"},"sceneLighting":false,"audioPlay":false,"sceneViewState":{"showFog":true,"showMaterialUpdate":true,"showSkybox":true,"showFlares":true,"showImageEffects":true,"showParticleSystems":true},"in2DMode":false,"pivot":{"x":3.304154396057129,"y":-2.74470853805542,"z":-2.1809613704681398},"rotation":{"x":-0.15379416942596436,"y":0.8178989291191101,"z":-0.2556968629360199,"w":-0.49194222688674929},"size":12.363865852355957,"orthographic":false}