{"cameraMode":{"drawMode":0,"name":"Shaded","section":"Shading Mode"},"sceneLighting":true,"audioPlay":false,"sceneViewState":{"showFog":true,"showMaterialUpdate":true,"showSkybox":true,"showFlares":true,"showImageEffects":true,"showParticleSystems":true},"in2DMode":false,"pivot":{"x":-67.01821899414063,"y":-5.858524322509766,"z":-11.750468254089356},"rotation":{"x":-0.009017634205520153,"y":0.9909277558326721,"z":-0.08942503482103348,"w":-0.09992486983537674},"size":31.502628326416017,"orthographic":false}