{"cameraMode":{"drawMode":0,"name":"Shaded","section":"Shading Mode"},"sceneLighting":true,"audioPlay":false,"sceneViewState":{"showFog":true,"showMaterialUpdate":true,"showSkybox":true,"showFlares":true,"showImageEffects":true,"showParticleSystems":true},"in2DMode":false,"pivot":{"x":-4.525000095367432,"y":1.0449999570846558,"z":-0.0065000057220458988},"rotation":{"x":-0.025197861716151239,"y":-0.8894830346107483,"z":0.049419015645980838,"w":-0.4536103308200836},"size":0.05582165718078613,"orthographic":false}