{"cameraMode":{"drawMode":0,"name":"Shaded","section":"Shading Mode"},"sceneLighting":false,"audioPlay":false,"sceneViewState":{"showFog":true,"showMaterialUpdate":true,"showSkybox":true,"showFlares":true,"showImageEffects":true,"showParticleSystems":true},"in2DMode":false,"pivot":{"x":-5.133869171142578,"y":9.959928512573243,"z":0.0},"rotation":{"x":-0.0000072271182034455708,"y":0.9999999403953552,"z":-0.000016198968296521343,"w":-0.0000258139207289787},"size":19.494998931884767,"orthographic":true}