{"cameraMode":{"drawMode":0,"name":"Shaded","section":"Shading Mode"},"sceneLighting":false,"audioPlay":false,"sceneViewState":{"showFog":true,"showMaterialUpdate":true,"showSkybox":true,"showFlares":true,"showImageEffects":true,"showParticleSystems":true},"in2DMode":false,"pivot":{"x":1.436021089553833,"y":1.0873652696609498,"z":-5.224628925323486},"rotation":{"x":-0.005448359064757824,"y":0.9900972247123718,"z":-0.0401206910610199,"w":-0.1344810575246811},"size":7.137569904327393,"orthographic":false}