{"cameraMode":{"drawMode":0,"name":"Shaded","section":"Shading Mode"},"sceneLighting":false,"audioPlay":false,"sceneViewState":{"showFog":true,"showMaterialUpdate":true,"showSkybox":true,"showFlares":true,"showImageEffects":true,"showParticleSystems":true},"in2DMode":false,"pivot":{"x":2.0109190940856935,"y":0.44540324807167055,"z":-5.355906009674072},"rotation":{"x":-0.007729590870440006,"y":0.9921159148216248,"z":-0.07903960347175598,"w":-0.09703903645277024},"size":7.128414154052734,"orthographic":false}