{"cameraMode":{"drawMode":0,"name":"Shaded","section":"Shading Mode"},"sceneLighting":false,"audioPlay":false,"sceneViewState":{"showFog":true,"showMaterialUpdate":true,"showSkybox":true,"showFlares":true,"showImageEffects":true,"showParticleSystems":true},"in2DMode":false,"pivot":{"x":-4.373211860656738,"y":-0.26093512773513796,"z":-13.77734375},"rotation":{"x":-9.41412640490045e-16,"y":0.9999999403953552,"z":-1.2043850515692806e-14,"w":-4.681319154542507e-8},"size":24.795591354370118,"orthographic":true}