{"cameraMode":{"drawMode":0,"name":"Shaded","section":"Shading Mode"},"sceneLighting":false,"audioPlay":false,"sceneViewState":{"showFog":true,"showMaterialUpdate":true,"showSkybox":true,"showFlares":true,"showImageEffects":true,"showParticleSystems":true},"in2DMode":false,"pivot":{"x":-6.3250250816345219,"y":8.666088104248047,"z":32.224021911621097},"rotation":{"x":0.00012823189899791032,"y":0.999583899974823,"z":0.004498144146054983,"w":-0.028495855629444124},"size":24.780305862426759,"orthographic":true}