{"cameraMode":{"drawMode":0,"name":"Shaded","section":"Shading Mode"},"sceneLighting":false,"audioPlay":false,"sceneViewState":{"showFog":true,"showMaterialUpdate":true,"showSkybox":true,"showFlares":true,"showImageEffects":true,"showParticleSystems":true},"in2DMode":false,"pivot":{"x":-15.128052711486817,"y":1.3200385570526124,"z":-8.681055068969727},"rotation":{"x":-0.028484856709837915,"y":0.8900267481803894,"z":-0.056146036833524707,"w":-0.45154330134391787},"size":22.83677101135254,"orthographic":false}