{"cameraMode":{"drawMode":0,"name":"Shaded","section":"Shading Mode"},"sceneLighting":true,"audioPlay":false,"sceneViewState":{"showFog":true,"showMaterialUpdate":true,"showSkybox":true,"showFlares":true,"showImageEffects":true,"showParticleSystems":true},"in2DMode":false,"pivot":{"x":-556.4240112304688,"y":10.885310173034668,"z":27.94070816040039},"rotation":{"x":-0.01622125878930092,"y":0.9807858467102051,"z":-0.09326767176389694,"w":-0.17057985067367555},"size":2.4476892948150636,"orthographic":false}