{"cameraMode":{"drawMode":0,"name":"Shaded","section":"Shading Mode"},"sceneLighting":true,"audioPlay":false,"sceneViewState":{"showFog":true,"showMaterialUpdate":true,"showSkybox":true,"showFlares":true,"showImageEffects":true,"showParticleSystems":true},"in2DMode":false,"pivot":{"x":-45.77895736694336,"y":16.919225692749025,"z":66.94400787353516},"rotation":{"x":0.010125622153282166,"y":-0.9776480793952942,"z":0.048436716198921207,"w":0.2046709656715393},"size":0.0805792510509491,"orthographic":false}