{"cameraMode":{"drawMode":0,"name":"Shaded","section":"Shading Mode"},"sceneLighting":false,"audioPlay":false,"sceneViewState":{"showFog":true,"showMaterialUpdate":true,"showSkybox":true,"showFlares":true,"showImageEffects":true,"showParticleSystems":true},"in2DMode":false,"pivot":{"x":-15.66282844543457,"y":3.4005625247955324,"z":-5.873786449432373},"rotation":{"x":0.003030612366273999,"y":0.8630450367927551,"z":0.005178389605134726,"w":-0.5050930380821228},"size":27.518341064453126,"orthographic":false}