{"cameraMode":{"drawMode":0,"name":"Shaded","section":"Shading Mode"},"sceneLighting":false,"audioPlay":false,"sceneViewState":{"showFog":true,"showMaterialUpdate":true,"showSkybox":true,"showFlares":true,"showImageEffects":true,"showParticleSystems":true},"in2DMode":false,"pivot":{"x":-4.3433837890625,"y":4.50244140625,"z":-1.53125},"rotation":{"x":0.00028943334473297,"y":0.9996458292007446,"z":-0.011996176093816758,"w":0.023995645344257356},"size":28.075834274291993,"orthographic":true}