{"cameraMode":{"drawMode":0,"name":"Shaded","section":"Shading Mode"},"sceneLighting":true,"audioPlay":false,"sceneViewState":{"showFog":true,"showMaterialUpdate":true,"showSkybox":true,"showFlares":true,"showImageEffects":true,"showParticleSystems":true},"in2DMode":false,"pivot":{"x":-892.31005859375,"y":4.14438009262085,"z":0.9280534982681274},"rotation":{"x":-0.026924755424261094,"y":0.972480058670044,"z":-0.17997747659683228,"w":-0.14548437297344209},"size":2.1434133052825929,"orthographic":false}