{"cameraMode":{"drawMode":0,"name":"Shaded","section":"Shading Mode"},"sceneLighting":false,"audioPlay":false,"sceneViewState":{"showFog":true,"showMaterialUpdate":true,"showSkybox":true,"showFlares":true,"showImageEffects":true,"showParticleSystems":true},"in2DMode":false,"pivot":{"x":0.4559383690357208,"y":-1.6304748058319092,"z":-7.631289005279541},"rotation":{"x":0.0019669572357088329,"y":0.9938498735427856,"z":-0.10926362872123718,"w":0.017891230061650277},"size":10.475164413452149,"orthographic":false}