{"cameraMode":{"drawMode":0,"name":"Shaded","section":"Shading Mode"},"sceneLighting":false,"audioPlay":false,"sceneViewState":{"showFog":true,"showMaterialUpdate":true,"showSkybox":true,"showFlares":true,"showImageEffects":true,"showParticleSystems":true},"in2DMode":false,"pivot":{"x":-3.4273266792297365,"y":-4.14802885055542,"z":0.0},"rotation":{"x":-0.04378729686141014,"y":0.9544138312339783,"z":-0.17663386464118958,"w":-0.23659804463386537},"size":15.774889945983887,"orthographic":true}