{"cameraMode":{"drawMode":0,"name":"Shaded","section":"Shading Mode"},"sceneLighting":false,"audioPlay":false,"sceneViewState":{"showFog":true,"showMaterialUpdate":true,"showSkybox":true,"showFlares":true,"showImageEffects":true,"showParticleSystems":true},"in2DMode":false,"pivot":{"x":10.402629852294922,"y":-2.4737682342529299,"z":14.281709671020508},"rotation":{"x":-0.008482074365019799,"y":0.9915145039558411,"z":-0.09397827088832855,"w":-0.08947828412055969},"size":38.903297424316409,"orthographic":false}