{"cameraMode":{"drawMode":0,"name":"Shaded","section":"Shading Mode"},"sceneLighting":true,"audioPlay":false,"sceneViewState":{"showFog":true,"showMaterialUpdate":true,"showSkybox":true,"showFlares":true,"showImageEffects":true,"showParticleSystems":true},"in2DMode":false,"pivot":{"x":72.84794616699219,"y":19.69640350341797,"z":-258.54632568359377},"rotation":{"x":-0.0033559955190867187,"y":0.9844054579734802,"z":0.018893416970968248,"w":0.17486445605754853},"size":334.7020263671875,"orthographic":false}