{"cameraMode":{"drawMode":0,"name":"Shaded","section":"Shading Mode"},"sceneLighting":false,"audioPlay":false,"sceneViewState":{"showFog":true,"showMaterialUpdate":true,"showSkybox":true,"showFlares":true,"showImageEffects":true,"showParticleSystems":true},"in2DMode":false,"pivot":{"x":6.959569931030273,"y":5.059944152832031,"z":0.8762521743774414},"rotation":{"x":-0.0057068574242293839,"y":0.9061567187309265,"z":-0.012233837507665158,"w":-0.4227324426174164},"size":16.504663467407228,"orthographic":false}