{"cameraMode":{"drawMode":0,"name":"Shaded","section":"Shading Mode"},"sceneLighting":true,"audioPlay":false,"sceneViewState":{"showFog":true,"showMaterialUpdate":true,"showSkybox":true,"showFlares":true,"showImageEffects":true,"showParticleSystems":true},"in2DMode":false,"pivot":{"x":-14.864992141723633,"y":1.6239008903503419,"z":-31.488204956054689},"rotation":{"x":0.008745086379349232,"y":0.23623567819595338,"z":-0.0021262734662741424,"w":0.9716544151306152},"size":2.1000571250915529,"orthographic":false}