{"cameraMode":{"drawMode":0,"name":"Shaded","section":"Shading Mode"},"sceneLighting":false,"audioPlay":false,"sceneViewState":{"showFog":true,"showMaterialUpdate":true,"showSkybox":true,"showFlares":true,"showImageEffects":true,"showParticleSystems":true},"in2DMode":false,"pivot":{"x":1.3789911270141602,"y":1.5980678796768189,"z":-5.499830722808838},"rotation":{"x":-0.0010496925096958876,"y":0.9931318759918213,"z":-0.008938196115195752,"w":-0.11672944575548172},"size":7.122367858886719,"orthographic":false}