{"cameraMode":{"drawMode":0,"name":"Shaded","section":"Shading Mode"},"sceneLighting":true,"audioPlay":false,"sceneViewState":{"showFog":true,"showMaterialUpdate":true,"showSkybox":true,"showFlares":true,"showImageEffects":true,"showParticleSystems":true},"in2DMode":false,"pivot":{"x":-9.577716827392579,"y":2.050990104675293,"z":5.495128631591797},"rotation":{"x":-0.01594042032957077,"y":0.9793115258216858,"z":-0.08541569113731384,"w":-0.18276174366474152},"size":22.0,"orthographic":false}