{"cameraMode":{"drawMode":0,"name":"Shaded","section":"Shading Mode"},"sceneLighting":true,"audioPlay":false,"sceneViewState":{"showFog":true,"showMaterialUpdate":true,"showSkybox":true,"showFlares":true,"showImageEffects":true,"showParticleSystems":true},"in2DMode":false,"pivot":{"x":-1.619109034538269,"y":2.822659969329834,"z":-4.145845890045166},"rotation":{"x":-0.06001657620072365,"y":-0.5552418828010559,"z":0.04021942988038063,"w":-0.8285468816757202},"size":0.00005720943954656832,"orthographic":false}