{"cameraMode":{"drawMode":0,"name":"Shaded","section":"Shading Mode"},"sceneLighting":false,"audioPlay":false,"sceneViewState":{"showFog":true,"showMaterialUpdate":true,"showSkybox":true,"showFlares":true,"showImageEffects":true,"showParticleSystems":true},"in2DMode":false,"pivot":{"x":-2.9207284450531008,"y":-5.372547626495361,"z":7.109375},"rotation":{"x":0.0007086547557264566,"y":0.9985339045524597,"z":0.013481061905622483,"w":-0.052471090108156207},"size":32.627708435058597,"orthographic":true}