{"cameraMode":{"drawMode":0,"name":"Shaded","section":"Shading Mode"},"sceneLighting":true,"audioPlay":false,"sceneViewState":{"showFog":true,"showMaterialUpdate":true,"showSkybox":true,"showFlares":true,"showImageEffects":true,"showParticleSystems":true},"in2DMode":false,"pivot":{"x":-4.9335432052612309,"y":3.111941337585449,"z":-2.975238084793091},"rotation":{"x":0.00028943334473297,"y":0.9996458292007446,"z":-0.011996176093816758,"w":0.023995645344257356},"size":31.502628326416017,"orthographic":false}