{"cameraMode":{"drawMode":0,"name":"Shaded","section":"Shading Mode"},"sceneLighting":true,"audioPlay":false,"sceneViewState":{"showFog":true,"showMaterialUpdate":true,"showSkybox":true,"showFlares":true,"showImageEffects":true,"showParticleSystems":true},"in2DMode":false,"pivot":{"x":-9.411446571350098,"y":0.9313173890113831,"z":-9.967704772949219},"rotation":{"x":-0.03173324465751648,"y":0.9606137871742249,"z":-0.12345127761363983,"w":-0.24702812731266023},"size":22.0,"orthographic":false}