{"cameraMode":{"drawMode":0,"name":"Shaded","section":"Shading Mode"},"sceneLighting":false,"audioPlay":false,"sceneViewState":{"showFog":true,"showMaterialUpdate":true,"showSkybox":true,"showFlares":true,"showImageEffects":true,"showParticleSystems":true},"in2DMode":false,"pivot":{"x":-1.050498604774475,"y":3.2218215465545656,"z":7.85772705078125},"rotation":{"x":0.022223033010959626,"y":-0.9723857641220093,"z":0.10395126789808274,"w":0.2078484445810318},"size":24.02454948425293,"orthographic":false}