{"cameraMode":{"drawMode":0,"name":"Shaded","section":"Shading Mode"},"sceneLighting":true,"audioPlay":false,"sceneViewState":{"showFog":true,"showMaterialUpdate":true,"showSkybox":true,"showFlares":true,"showImageEffects":true,"showParticleSystems":true},"in2DMode":false,"pivot":{"x":-96.39691925048828,"y":2.2553088665008547,"z":-39.5610466003418},"rotation":{"x":-0.03746725991368294,"y":-0.03597526252269745,"z":0.0013567943824455143,"w":-0.9986618757247925},"size":11.151915550231934,"orthographic":false}