{"cameraMode":{"drawMode":0,"name":"Shaded","section":"Shading Mode"},"sceneLighting":false,"audioPlay":false,"sceneViewState":{"showFog":true,"showMaterialUpdate":true,"showSkybox":true,"showFlares":true,"showImageEffects":true,"showParticleSystems":true},"in2DMode":false,"pivot":{"x":4.419539451599121,"y":4.9034857749938969,"z":3.5799782276153566},"rotation":{"x":-0.11085710674524307,"y":0.8849596381187439,"z":-0.2708439528942108,"w":-0.36221635341644289},"size":0.00005720943954656832,"orthographic":false}