{"cameraMode":{"drawMode":0,"name":"Shaded","section":"Shading Mode"},"sceneLighting":false,"audioPlay":false,"sceneViewState":{"showFog":true,"showMaterialUpdate":true,"showSkybox":true,"showFlares":true,"showImageEffects":true,"showParticleSystems":true},"in2DMode":false,"pivot":{"x":-5.3751220703125,"y":5.59747314453125,"z":-1.033203125},"rotation":{"x":0.00028943334473297,"y":0.9996458292007446,"z":-0.011996176093816758,"w":0.023995645344257356},"size":26.449146270751954,"orthographic":true}