{"cameraMode":{"drawMode":0,"name":"Shaded","section":"Shading Mode"},"sceneLighting":false,"audioPlay":false,"sceneViewState":{"showFog":true,"showMaterialUpdate":true,"showSkybox":true,"showFlares":true,"showImageEffects":true,"showParticleSystems":true},"in2DMode":false,"pivot":{"x":-4.087530136108398,"y":4.8414998054504398,"z":13.512840270996094},"rotation":{"x":-0.007176932413130999,"y":0.9912909865379334,"z":-0.11651351302862168,"w":-0.061040427535772327},"size":23.607786178588868,"orthographic":false}