{"cameraMode":{"drawMode":0,"name":"Shaded","section":"Shading Mode"},"sceneLighting":false,"audioPlay":false,"sceneViewState":{"showFog":true,"showMaterialUpdate":true,"showSkybox":true,"showFlares":true,"showImageEffects":true,"showParticleSystems":true},"in2DMode":false,"pivot":{"x":-163.5526885986328,"y":-14.878782272338868,"z":-67.0643310546875},"rotation":{"x":0.016603795811533929,"y":-0.7882911562919617,"z":0.021289750933647157,"w":0.6148090958595276},"size":357.600830078125,"orthographic":false}