{"cameraMode":{"drawMode":0,"name":"Shaded","section":"Shading Mode"},"sceneLighting":false,"audioPlay":false,"sceneViewState":{"showFog":true,"showMaterialUpdate":true,"showSkybox":true,"showFlares":true,"showImageEffects":true,"showParticleSystems":true},"in2DMode":false,"pivot":{"x":8.280324935913086,"y":7.741007328033447,"z":24.614459991455079},"rotation":{"x":-0.01679285615682602,"y":0.9516309499740601,"z":-0.05286940932273865,"w":-0.302211731672287},"size":14.926889419555664,"orthographic":false}