{"cameraMode":{"drawMode":0,"name":"Shaded","section":"Shading Mode"},"sceneLighting":false,"audioPlay":false,"sceneViewState":{"showFog":true,"showMaterialUpdate":true,"showSkybox":true,"showFlares":true,"showImageEffects":true,"showParticleSystems":true},"in2DMode":false,"pivot":{"x":-6.301701545715332,"y":-1.967254400253296,"z":-0.05935931205749512},"rotation":{"x":-0.21720366179943086,"y":0.7820985317230225,"z":-0.39384397864341738,"w":-0.431334912776947},"size":14.371891021728516,"orthographic":false}