{"cameraMode":{"drawMode":0,"name":"Shaded","section":"Shading Mode"},"sceneLighting":false,"audioPlay":false,"sceneViewState":{"showFog":true,"showMaterialUpdate":true,"showSkybox":true,"showFlares":true,"showImageEffects":true,"showParticleSystems":true},"in2DMode":false,"pivot":{"x":2.805637836456299,"y":1.8306866884231568,"z":-0.5598976612091065},"rotation":{"x":-0.0034303723368793728,"y":0.9244324564933777,"z":0.008321117609739304,"w":0.38127371668815615},"size":2.0960700511932375,"orthographic":false}