{"cameraMode":{"drawMode":0,"name":"Shaded","section":"Shading Mode"},"sceneLighting":false,"audioPlay":false,"sceneViewState":{"showFog":true,"showMaterialUpdate":true,"showSkybox":true,"showFlares":true,"showImageEffects":true,"showParticleSystems":true},"in2DMode":false,"pivot":{"x":-5.031546115875244,"y":4.475253105163574,"z":0.0},"rotation":{"x":-0.0000072271182034455708,"y":0.9999999403953552,"z":-0.000016198968296521343,"w":-0.0000258139207289787},"size":22.247032165527345,"orthographic":true}