{"cameraMode":{"drawMode":0,"name":"Shaded","section":"Shading Mode"},"sceneLighting":true,"audioPlay":false,"sceneViewState":{"showFog":true,"showMaterialUpdate":true,"showSkybox":true,"showFlares":true,"showImageEffects":true,"showParticleSystems":true},"in2DMode":false,"pivot":{"x":-43.857852935791019,"y":8.419708251953125,"z":-23.781946182250978},"rotation":{"x":0.010334029793739319,"y":-0.17694364488124848,"z":-0.001858348143287003,"w":-0.9841748476028442},"size":13.38947582244873,"orthographic":false}