{"cameraMode":{"drawMode":0,"name":"Shaded","section":"Shading Mode"},"sceneLighting":false,"audioPlay":false,"sceneViewState":{"showFog":true,"showMaterialUpdate":true,"showSkybox":true,"showFlares":true,"showImageEffects":true,"showParticleSystems":true},"in2DMode":false,"pivot":{"x":3.7362215518951418,"y":5.983105182647705,"z":-19.180936813354493},"rotation":{"x":-0.000811403791885823,"y":-0.9976361393928528,"z":-0.01197248138487339,"w":0.06773936748504639},"size":36.37492370605469,"orthographic":false}