{"cameraMode":{"drawMode":0,"name":"Shaded","section":"Shading Mode"},"sceneLighting":false,"audioPlay":false,"sceneViewState":{"showFog":true,"showMaterialUpdate":true,"showSkybox":true,"showFlares":true,"showImageEffects":true,"showParticleSystems":true},"in2DMode":false,"pivot":{"x":-4.706024169921875,"y":9.486498832702637,"z":3.93359375},"rotation":{"x":0.00007385287608485669,"y":-0.9999998807907105,"z":0.0002170778752770275,"w":0.000478891161037609},"size":24.50945281982422,"orthographic":true}