{"cameraMode":{"drawMode":0,"name":"Shaded","section":"Shading Mode"},"sceneLighting":false,"audioPlay":false,"sceneViewState":{"showFog":true,"showMaterialUpdate":true,"showSkybox":true,"showFlares":true,"showImageEffects":true,"showParticleSystems":true},"in2DMode":false,"pivot":{"x":1.5400453805923463,"y":0.762499988079071,"z":0.01823219656944275},"rotation":{"x":-0.020776432007551194,"y":0.973879337310791,"z":-0.09968158602714539,"w":-0.20299793779850007},"size":6.203494548797607,"orthographic":false}