{"cameraMode":{"drawMode":0,"name":"Shaded","section":"Shading Mode"},"sceneLighting":true,"audioPlay":false,"sceneViewState":{"showFog":true,"showMaterialUpdate":true,"showSkybox":true,"showFlares":true,"showImageEffects":true,"showParticleSystems":true},"in2DMode":false,"pivot":{"x":-59.23041915893555,"y":9.23066520690918,"z":33.18304443359375},"rotation":{"x":-0.006819614674896002,"y":0.9929906129837036,"z":-0.07311651110649109,"w":-0.09261493384838104},"size":9.996979713439942,"orthographic":false}