{"cameraMode":{"drawMode":0,"name":"Shaded","section":"Shading Mode"},"sceneLighting":false,"audioPlay":false,"sceneViewState":{"showFog":true,"showMaterialUpdate":true,"showSkybox":true,"showFlares":true,"showImageEffects":true,"showParticleSystems":true},"in2DMode":false,"pivot":{"x":-55.86354446411133,"y":-20.79829978942871,"z":-11.210993766784668},"rotation":{"x":-0.13956119120121003,"y":0.7716918587684631,"z":-0.18149957060813905,"w":-0.5933669209480286},"size":49.52756118774414,"orthographic":false}