{"cameraMode":{"drawMode":0,"name":"Shaded","section":"Shading Mode"},"sceneLighting":false,"audioPlay":false,"sceneViewState":{"showFog":true,"showMaterialUpdate":true,"showSkybox":true,"showFlares":true,"showImageEffects":true,"showParticleSystems":true},"in2DMode":false,"pivot":{"x":-27.7067928314209,"y":-1.251094102859497,"z":0.38112831115722659},"rotation":{"x":-0.012689792551100254,"y":0.9448369741439819,"z":-0.03686732426285744,"w":-0.32521405816078188},"size":26.115686416625978,"orthographic":false}