{"cameraMode":{"drawMode":0,"name":"Shaded","section":"Shading Mode"},"sceneLighting":false,"audioPlay":false,"sceneViewState":{"showFog":true,"showMaterialUpdate":true,"showSkybox":true,"showFlares":true,"showImageEffects":true,"showParticleSystems":true},"in2DMode":false,"pivot":{"x":-6.8495683670043949,"y":1.4892446994781495,"z":-2.078178882598877},"rotation":{"x":0.021375225856900216,"y":-0.9682114720344544,"z":0.08883816003799439,"w":0.2329207956790924},"size":24.02454948425293,"orthographic":false}