{"cameraMode":{"drawMode":0,"name":"Shaded","section":"Shading Mode"},"sceneLighting":false,"audioPlay":false,"sceneViewState":{"showFog":true,"showMaterialUpdate":true,"showSkybox":true,"showFlares":true,"showImageEffects":true,"showParticleSystems":true},"in2DMode":false,"pivot":{"x":-5.781929016113281,"y":16.0152587890625,"z":27.8125},"rotation":{"x":-0.000014841108168184292,"y":-0.9998270273208618,"z":0.01949857920408249,"w":-0.0009174331207759678},"size":20.584375381469728,"orthographic":true}