{"cameraMode":{"drawMode":0,"name":"Shaded","section":"Shading Mode"},"sceneLighting":true,"audioPlay":false,"sceneViewState":{"showFog":true,"showMaterialUpdate":true,"showSkybox":true,"showFlares":true,"showImageEffects":true,"showParticleSystems":true},"in2DMode":false,"pivot":{"x":-4.682807922363281,"y":1.1737388372421265,"z":-0.12014559656381607},"rotation":{"x":-0.39741969108581545,"y":-0.43011802434921267,"z":0.21903304755687715,"w":-0.7804470062255859},"size":0.03242802619934082,"orthographic":false}