{"cameraMode":{"drawMode":0,"name":"Shaded","section":"Shading Mode"},"sceneLighting":false,"audioPlay":false,"sceneViewState":{"showFog":true,"showMaterialUpdate":true,"showSkybox":true,"showFlares":true,"showImageEffects":true,"showParticleSystems":true},"in2DMode":false,"pivot":{"x":-2.9207284450531008,"y":-5.372547626495361,"z":7.109375},"rotation":{"x":-0.03524112328886986,"y":0.9646483063697815,"z":-0.17703193426132203,"w":-0.19203127920627595},"size":29.878171920776368,"orthographic":true}