{"cameraMode":{"drawMode":0,"name":"Shaded","section":"Shading Mode"},"sceneLighting":true,"audioPlay":false,"sceneViewState":{"showFog":true,"showMaterialUpdate":true,"showSkybox":true,"showFlares":true,"showImageEffects":true,"showParticleSystems":true},"in2DMode":false,"pivot":{"x":-4.46192741394043,"y":0.6867554187774658,"z":-0.1260136365890503},"rotation":{"x":0.28839805722236636,"y":0.7021778225898743,"z":-0.38670557737350466,"w":0.5236719250679016},"size":2.717602491378784,"orthographic":false}