{"cameraMode":{"drawMode":0,"name":"Shaded","section":"Shading Mode"},"sceneLighting":false,"audioPlay":false,"sceneViewState":{"showFog":true,"showMaterialUpdate":true,"showSkybox":true,"showFlares":true,"showImageEffects":true,"showParticleSystems":true},"in2DMode":false,"pivot":{"x":-4.5,"y":1.024999976158142,"z":0.0104999840259552},"rotation":{"x":0.10562381893396378,"y":-0.6346009969711304,"z":0.0881338119506836,"w":0.7605130672454834},"size":0.6186147928237915,"orthographic":false}