{"cameraMode":{"drawMode":0,"name":"Shaded","section":"Shading Mode"},"sceneLighting":false,"audioPlay":false,"sceneViewState":{"showFog":true,"showMaterialUpdate":true,"showSkybox":true,"showFlares":true,"showImageEffects":true,"showParticleSystems":true},"in2DMode":false,"pivot":{"x":3.5396556854248049,"y":2.8887619972229006,"z":14.993993759155274},"rotation":{"x":-0.033931709825992587,"y":0.9363279938697815,"z":-0.09441898763179779,"w":-0.3364901542663574},"size":29.577884674072267,"orthographic":false}