{"cameraMode":{"drawMode":0,"name":"Shaded","section":"Shading Mode"},"sceneLighting":true,"audioPlay":false,"sceneViewState":{"showFog":true,"showMaterialUpdate":true,"showSkybox":true,"showFlares":true,"showImageEffects":true,"showParticleSystems":true},"in2DMode":false,"pivot":{"x":3.2386672496795656,"y":-1.5363194942474366,"z":-0.22860932350158692},"rotation":{"x":0.019412001594901086,"y":-0.9759023189544678,"z":0.19427154958248139,"w":0.09751509875059128},"size":12.458402633666993,"orthographic":false}