{"cameraMode":{"drawMode":0,"name":"Shaded","section":"Shading Mode"},"sceneLighting":false,"audioPlay":false,"sceneViewState":{"showFog":true,"showMaterialUpdate":true,"showSkybox":true,"showFlares":true,"showImageEffects":true,"showParticleSystems":true},"in2DMode":false,"pivot":{"x":-4.5,"y":1.024999976158142,"z":0.0104999840259552},"rotation":{"x":0.04908733814954758,"y":-0.9356663227081299,"z":0.14428383111953736,"w":0.3183016777038574},"size":1.8186148405075074,"orthographic":false}