{"cameraMode":{"drawMode":0,"name":"Shaded","section":"Shading Mode"},"sceneLighting":false,"audioPlay":false,"sceneViewState":{"showFog":true,"showMaterialUpdate":true,"showSkybox":true,"showFlares":true,"showImageEffects":true,"showParticleSystems":true},"in2DMode":false,"pivot":{"x":-5.087532043457031,"y":3.4488525390625,"z":29.01953125},"rotation":{"x":-0.000014841108168184292,"y":-0.9998270273208618,"z":0.01949857920408249,"w":-0.0009174331207759678},"size":13.851318359375,"orthographic":true}