{"cameraMode":{"drawMode":0,"name":"Shaded","section":"Shading Mode"},"sceneLighting":false,"audioPlay":false,"sceneViewState":{"showFog":true,"showMaterialUpdate":true,"showSkybox":true,"showFlares":true,"showImageEffects":true,"showParticleSystems":true},"in2DMode":false,"pivot":{"x":4.800848960876465,"y":-4.434114456176758,"z":-22.21673011779785},"rotation":{"x":0.004306207410991192,"y":0.9921714067459106,"z":-0.1196359246969223,"w":0.035734549164772037},"size":24.625,"orthographic":false}