{"cameraMode":{"drawMode":0,"name":"Shaded","section":"Shading Mode"},"sceneLighting":false,"audioPlay":false,"sceneViewState":{"showFog":true,"showMaterialUpdate":true,"showSkybox":true,"showFlares":true,"showImageEffects":true,"showParticleSystems":true},"in2DMode":false,"pivot":{"x":-6.110037326812744,"y":-4.294727325439453,"z":-8.17728042602539},"rotation":{"x":-0.08223128318786621,"y":0.8929049372673035,"z":-0.18192999064922334,"w":-0.40357506275177},"size":14.926889419555664,"orthographic":false}