{"cameraMode":{"drawMode":0,"name":"Shaded","section":"Shading Mode"},"sceneLighting":true,"audioPlay":false,"sceneViewState":{"showFog":true,"showMaterialUpdate":true,"showSkybox":true,"showFlares":true,"showImageEffects":true,"showParticleSystems":true},"in2DMode":false,"pivot":{"x":2.3232955932617189,"y":1.382885456085205,"z":1.1127018928527833},"rotation":{"x":-0.04323228821158409,"y":0.8978501558303833,"z":-0.0905393660068512,"w":-0.42873886227607729},"size":2.1882894039154054,"orthographic":false}