{"cameraMode":{"drawMode":0,"name":"Shaded","section":"Shading Mode"},"sceneLighting":false,"audioPlay":false,"sceneViewState":{"showFog":true,"showMaterialUpdate":true,"showSkybox":true,"showFlares":true,"showImageEffects":true,"showParticleSystems":true},"in2DMode":false,"pivot":{"x":-4.781293869018555,"y":3.2558858394622804,"z":6.714748382568359},"rotation":{"x":-0.011119655333459378,"y":0.988524317741394,"z":-0.11919579654932022,"w":-0.09219776093959809},"size":22.541017532348634,"orthographic":false}