{"cameraMode":{"drawMode":0,"name":"Shaded","section":"Shading Mode"},"sceneLighting":false,"audioPlay":false,"sceneViewState":{"showFog":true,"showMaterialUpdate":true,"showSkybox":true,"showFlares":true,"showImageEffects":true,"showParticleSystems":true},"in2DMode":false,"pivot":{"x":1.7929939031600953,"y":2.1180243492126467,"z":-5.021759033203125},"rotation":{"x":0.0022578733041882517,"y":0.9947116374969482,"z":0.022385064512491227,"w":-0.10030630230903626},"size":7.125981330871582,"orthographic":false}