{"cameraMode":{"drawMode":0,"name":"Shaded","section":"Shading Mode"},"sceneLighting":false,"audioPlay":false,"sceneViewState":{"showFog":true,"showMaterialUpdate":true,"showSkybox":true,"showFlares":true,"showImageEffects":true,"showParticleSystems":true},"in2DMode":false,"pivot":{"x":-3.9109177589416506,"y":9.199445724487305,"z":0.0},"rotation":{"x":-3.065347183982964e-13,"y":-0.9999999403953552,"z":-4.004162886678264e-12,"w":0.000013013963325647637},"size":23.501407623291017,"orthographic":true}