{"cameraMode":{"drawMode":0,"name":"Shaded","section":"Shading Mode"},"sceneLighting":true,"audioPlay":false,"sceneViewState":{"showFog":true,"showMaterialUpdate":true,"showSkybox":true,"showFlares":true,"showImageEffects":true,"showParticleSystems":true},"in2DMode":false,"pivot":{"x":-5.202474594116211,"y":1.7920153141021729,"z":-0.2858097553253174},"rotation":{"x":0.07820985466241837,"y":0.8172215819358826,"z":-0.1142461821436882,"w":0.5594470500946045},"size":4.256041526794434,"orthographic":false}