{"cameraMode":{"drawMode":0,"name":"Shaded","section":"Shading Mode"},"sceneLighting":true,"audioPlay":false,"sceneViewState":{"showFog":true,"showMaterialUpdate":true,"showSkybox":true,"showFlares":true,"showImageEffects":true,"showParticleSystems":true},"in2DMode":false,"pivot":{"x":13.470694541931153,"y":-0.5966634750366211,"z":7.631980895996094},"rotation":{"x":0.000018712871678872034,"y":0.9979982972145081,"z":-0.06326746940612793,"w":0.0002999942225869745},"size":22.0,"orthographic":false}