{"cameraMode":{"drawMode":0,"name":"Shaded","section":"Shading Mode"},"sceneLighting":false,"audioPlay":false,"sceneViewState":{"showFog":true,"showMaterialUpdate":true,"showSkybox":true,"showFlares":true,"showImageEffects":true,"showParticleSystems":true},"in2DMode":false,"pivot":{"x":-9.015329360961914,"y":-8.365025520324707,"z":-10.54995346069336},"rotation":{"x":0.01375347189605236,"y":-0.9860230684280396,"z":0.12790605425834657,"w":0.10599194467067719},"size":37.30939483642578,"orthographic":false}