{"cameraMode":{"drawMode":0,"name":"Shaded","section":"Shading Mode"},"sceneLighting":false,"audioPlay":false,"sceneViewState":{"showFog":true,"showMaterialUpdate":true,"showSkybox":true,"showFlares":true,"showImageEffects":true,"showParticleSystems":true},"in2DMode":false,"pivot":{"x":-1.66932213306427,"y":2.3174755573272707,"z":-2.5476062297821047},"rotation":{"x":0.0025771702639758589,"y":-0.9967048168182373,"z":0.0733891949057579,"w":0.03498108685016632},"size":47.70818328857422,"orthographic":false}