{"cameraMode":{"drawMode":0,"name":"Shaded","section":"Shading Mode"},"sceneLighting":true,"audioPlay":false,"sceneViewState":{"showFog":true,"showMaterialUpdate":true,"showSkybox":true,"showFlares":true,"showImageEffects":true,"showParticleSystems":true},"in2DMode":false,"pivot":{"x":-69.63496398925781,"y":1.0291634798049927,"z":-2.5476551055908205},"rotation":{"x":-0.04528455808758736,"y":0.8259912133216858,"z":-0.0670519769191742,"w":-0.5578449368476868},"size":9.996979713439942,"orthographic":false}