{"cameraMode":{"drawMode":0,"name":"Shaded","section":"Shading Mode"},"sceneLighting":true,"audioPlay":false,"sceneViewState":{"showFog":true,"showMaterialUpdate":true,"showSkybox":true,"showFlares":true,"showImageEffects":true,"showParticleSystems":true},"in2DMode":false,"pivot":{"x":-4.5000762939453129,"y":1.402142882347107,"z":0.011423349380493164},"rotation":{"x":-0.05684436857700348,"y":0.9431458115577698,"z":-0.23380467295646668,"w":-0.22930456697940827},"size":2.2863075733184816,"orthographic":false}