{"cameraMode":{"drawMode":0,"name":"Shaded","section":"Shading Mode"},"sceneLighting":false,"audioPlay":false,"sceneViewState":{"showFog":true,"showMaterialUpdate":true,"showSkybox":true,"showFlares":true,"showImageEffects":true,"showParticleSystems":true},"in2DMode":false,"pivot":{"x":-1.7513585090637208,"y":6.277624130249023,"z":30.715604782104493},"rotation":{"x":-0.0028995093889534475,"y":0.9969105124473572,"z":-0.06439006328582764,"w":-0.04489128291606903},"size":21.91098976135254,"orthographic":true}