{"cameraMode":{"drawMode":0,"name":"Shaded","section":"Shading Mode"},"sceneLighting":false,"audioPlay":false,"sceneViewState":{"showFog":true,"showMaterialUpdate":true,"showSkybox":true,"showFlares":true,"showImageEffects":true,"showParticleSystems":true},"in2DMode":false,"pivot":{"x":-4.889817714691162,"y":10.009978294372559,"z":-13.77734375},"rotation":{"x":-9.41412640490045e-16,"y":0.9999999403953552,"z":-1.2043850515692806e-14,"w":-4.681319154542507e-8},"size":26.587902069091798,"orthographic":true}