{"cameraMode":{"drawMode":0,"name":"Shaded","section":"Shading Mode"},"sceneLighting":true,"audioPlay":false,"sceneViewState":{"showFog":true,"showMaterialUpdate":true,"showSkybox":true,"showFlares":true,"showImageEffects":true,"showParticleSystems":true},"in2DMode":false,"pivot":{"x":-23.49964141845703,"y":-3.888528823852539,"z":-14.983043670654297},"rotation":{"x":-0.025395844131708146,"y":0.9743165969848633,"z":-0.14575904607772828,"w":-0.16975681483745576},"size":22.0,"orthographic":false}