{"cameraMode":{"drawMode":0,"name":"Shaded","section":"Shading Mode"},"sceneLighting":false,"audioPlay":false,"sceneViewState":{"showFog":true,"showMaterialUpdate":true,"showSkybox":true,"showFlares":true,"showImageEffects":true,"showParticleSystems":true},"in2DMode":false,"pivot":{"x":-233.4151611328125,"y":-11.489151000976563,"z":26.379318237304689},"rotation":{"x":0.15194426476955415,"y":0.27761110663414,"z":-0.04451589658856392,"w":0.9475570917129517},"size":42.29197311401367,"orthographic":false}