{"cameraMode":{"drawMode":0,"name":"Shaded","section":"Shading Mode"},"sceneLighting":true,"audioPlay":false,"sceneViewState":{"showFog":true,"showMaterialUpdate":true,"showSkybox":true,"showFlares":true,"showImageEffects":true,"showParticleSystems":true},"in2DMode":false,"pivot":{"x":-125.30123901367188,"y":2.7245030403137209,"z":-48.18203353881836},"rotation":{"x":0.00245388550683856,"y":-0.8383252024650574,"z":0.0037722191773355009,"w":0.5451697707176209},"size":171.0811767578125,"orthographic":false}