{"cameraMode":{"drawMode":0,"name":"Shaded","section":"Shading Mode"},"sceneLighting":false,"audioPlay":false,"sceneViewState":{"showFog":true,"showMaterialUpdate":true,"showSkybox":true,"showFlares":true,"showImageEffects":true,"showParticleSystems":true},"in2DMode":false,"pivot":{"x":2.0361790657043459,"y":0.7248252034187317,"z":29.5364933013916},"rotation":{"x":-0.000014841108168184292,"y":-0.9998270273208618,"z":0.01949857920408249,"w":-0.0009174331207759678},"size":22.0,"orthographic":false}