{"cameraMode":{"drawMode":0,"name":"Shaded","section":"Shading Mode"},"sceneLighting":true,"audioPlay":false,"sceneViewState":{"showFog":true,"showMaterialUpdate":true,"showSkybox":true,"showFlares":true,"showImageEffects":true,"showParticleSystems":true},"in2DMode":false,"pivot":{"x":-50.68544006347656,"y":6.82164192199707,"z":3.330667018890381},"rotation":{"x":-0.028119569644331933,"y":0.9717022776603699,"z":-0.1561245322227478,"w":-0.17501306533813477},"size":0.08062496781349182,"orthographic":false}