{"cameraMode":{"drawMode":0,"name":"Shaded","section":"Shading Mode"},"sceneLighting":false,"audioPlay":false,"sceneViewState":{"showFog":true,"showMaterialUpdate":true,"showSkybox":true,"showFlares":true,"showImageEffects":true,"showParticleSystems":true},"in2DMode":false,"pivot":{"x":-2.04248046875,"y":7.081512451171875,"z":32.03515625},"rotation":{"x":0.00012823189899791032,"y":0.999583899974823,"z":0.004498144146054983,"w":-0.028495855629444124},"size":25.273120880126954,"orthographic":true}