{"cameraMode":{"drawMode":0,"name":"Shaded","section":"Shading Mode"},"sceneLighting":false,"audioPlay":false,"sceneViewState":{"showFog":true,"showMaterialUpdate":true,"showSkybox":true,"showFlares":true,"showImageEffects":true,"showParticleSystems":true},"in2DMode":false,"pivot":{"x":-4.215218544006348,"y":-0.7934510707855225,"z":0.0},"rotation":{"x":-3.065347183982964e-13,"y":-0.9999999403953552,"z":-4.004162886678264e-12,"w":0.000013013963325647637},"size":23.32511329650879,"orthographic":true}