{"cameraMode":{"drawMode":0,"name":"Shaded","section":"Shading Mode"},"sceneLighting":true,"audioPlay":false,"sceneViewState":{"showFog":true,"showMaterialUpdate":true,"showSkybox":true,"showFlares":true,"showImageEffects":true,"showParticleSystems":true},"in2DMode":false,"pivot":{"x":-71.98731994628906,"y":8.097956657409668,"z":7.971114635467529},"rotation":{"x":-0.010061548091471196,"y":0.9851937890052795,"z":-0.1594952940940857,"w":-0.062149371951818469},"size":2.7147276401519777,"orthographic":false}