{"cameraMode":{"drawMode":0,"name":"Shaded","section":"Shading Mode"},"sceneLighting":false,"audioPlay":false,"sceneViewState":{"showFog":true,"showMaterialUpdate":true,"showSkybox":true,"showFlares":true,"showImageEffects":true,"showParticleSystems":true},"in2DMode":false,"pivot":{"x":-3.5385892391204836,"y":1.1083749532699586,"z":-26.502769470214845},"rotation":{"x":-0.0021200666669756176,"y":0.9975177049636841,"z":-0.06142476946115494,"w":-0.03442803770303726},"size":74.62606048583985,"orthographic":false}