{"cameraMode":{"drawMode":0,"name":"Shaded","section":"Shading Mode"},"sceneLighting":false,"audioPlay":false,"sceneViewState":{"showFog":true,"showMaterialUpdate":true,"showSkybox":true,"showFlares":true,"showImageEffects":true,"showParticleSystems":true},"in2DMode":false,"pivot":{"x":-12.699999809265137,"y":1.4249999523162842,"z":0.0},"rotation":{"x":-0.08108777552843094,"y":0.9055781960487366,"z":-0.20155470073223115,"w":-0.3643285632133484},"size":2.1434128284454347,"orthographic":false}