{"cameraMode":{"drawMode":0,"name":"Shaded","section":"Shading Mode"},"sceneLighting":true,"audioPlay":false,"sceneViewState":{"showFog":true,"showMaterialUpdate":true,"showSkybox":true,"showFlares":true,"showImageEffects":true,"showParticleSystems":true},"in2DMode":false,"pivot":{"x":-250.8223876953125,"y":-0.6482630968093872,"z":-6.652124404907227},"rotation":{"x":-0.01935737207531929,"y":-0.9238302111625671,"z":-0.047160517424345019,"w":0.3794441521167755},"size":14.318947792053223,"orthographic":false}