{"cameraMode":{"drawMode":0,"name":"Shaded","section":"Shading Mode"},"sceneLighting":false,"audioPlay":false,"sceneViewState":{"showFog":true,"showMaterialUpdate":true,"showSkybox":true,"showFlares":true,"showImageEffects":true,"showParticleSystems":true},"in2DMode":false,"pivot":{"x":-0.8969573974609375,"y":2.6279983520507814,"z":5.125},"rotation":{"x":0.00007385287608485669,"y":-0.9999998807907105,"z":0.0002170778752770275,"w":0.000478891161037609},"size":51.867820739746097,"orthographic":true}